{
   "Records":[
      {
         "eventVersion":"2.0",
         "eventSource":"aws:s3",
         "awsRegion":"us-east-1",
         "eventTime":"1970-01-01T00:00:00.000Z",
         "eventName":"ObjectCreated:Put",
         "userIdentity":{
            "principalId":"AKIAI3KPD33O6BMKBPYA"
         },
         "requestParameters":{
            "sourceIPAddress":"127.0.0.1"
         },
         "responseElements":{
            "x-amz-request-id":"C3D13FE58DE4C810",
            "x-amz-id-2":"FMyUVURIY8/IgAtTv8xRjskZQpcIZ9KG4V5Wp6S7S/JRWeUWerMUE5JgHvANOjpD"
         },
         "s3":{
            "s3SchemaVersion":"1.0",
            "configurationId":"testConfigRule",
            "bucket":{
               "name":"github-lambda-pix",
               "ownerIdentity":{
                  "principalId":"AKIAI3KPD33O6BMKBPYA"
               },
               "arn":"arn:aws:s3:::github-lambda-pix"
            },
            "object":{
               "key":"octocats.jpg",
               "size":450409,
               "eTag":"59103e49494baafabe627ce8476c9a3e",
               "versionId":"096fKKXTRTtl3on89fVO.nfljtsv6qko"
            }
         }
      }
   ]
}
